epoch,dw_kl_loss,kl_loss,loss,mi_loss,rec_loss,tc_loss
0,85.21340035896597,1.9700107062237886,198.4234727452687,-4.097238106174753,196.63334579467772,-79.01599862603575
